epoch,time,train/box_loss,train/seg_loss,train/cls_loss,train/dfl_loss,train/sem_loss,metrics/precision(B),metrics/recall(B),metrics/mAP50(B),metrics/mAP50-95(B),metrics/precision(M),metrics/recall(M),metrics/mAP50(M),metrics/mAP50-95(M),val/box_loss,val/seg_loss,val/cls_loss,val/dfl_loss,val/sem_loss,lr/pg0,lr/pg1,lr/pg2
1,2.81166,1.75337,4.69147,2.73195,2.07126,0,0.00333,1,0.17397,0.10107,0.00333,1,0.13049,0.09908,0.44254,1.11515,3.16886,1.1176,0,0,0,0
2,3.75641,1.20504,3.66295,2.86655,1.62779,0,0.00333,1,0.21772,0.15131,0.00333,1,0.18066,0.15088,0.45887,1.10738,3.16666,1.12301,0,1.9901e-05,1.9901e-05,1.9901e-05
3,4.73712,1.66881,4.84838,2.69567,1.941,0,0.00333,1,0.34139,0.27279,0.00333,1,0.31939,0.27396,0.47594,1.04725,3.18576,1.13272,0,3.9604e-05,3.9604e-05,3.9604e-05
4,5.9047,0.96968,3.27893,2.45223,1.36006,0,0.00333,1,0.56397,0.419,0.00333,1,0.55952,0.42215,0.4766,0.99821,3.19033,1.13024,0,5.9109e-05,5.9109e-05,5.9109e-05
5,7.11276,1.17397,3.24382,2.60304,1.61438,0,0.00333,1,0.76167,0.56534,0.00333,1,0.76167,0.59273,0.50298,0.97256,3.18475,1.15461,0,7.8416e-05,7.8416e-05,7.8416e-05
6,8.52345,1.30407,3.33854,2.62672,1.7196,0,0.00333,1,0.85333,0.63262,0.00333,1,0.85333,0.66261,0.52344,0.99452,3.17232,1.16489,0,9.7525e-05,9.7525e-05,9.7525e-05
7,9.45321,0.88912,2.95554,2.75122,1.44476,0,0.00333,1,0.92833,0.68846,0.00333,1,0.92833,0.73644,0.5784,1.00411,3.23046,1.2072,0,0.000116436,0.000116436,0.000116436
8,10.4235,0.91915,2.51939,2.39735,1.39825,0,0.00333,1,0.92833,0.67893,0.00333,1,0.92833,0.74844,0.66246,1.00121,3.21322,1.23581,0,0.000135149,0.000135149,0.000135149
9,11.5558,0.94576,2.07503,2.05937,1.30344,0,0.00333,1,0.995,0.7156,0.00333,1,0.995,0.7316,0.74764,1.04198,3.23097,1.28021,0,0.000153664,0.000153664,0.000153664
10,12.8265,0.97493,2.43544,2.2394,1.43047,0,0.00333,1,0.96167,0.68326,0.00333,1,0.96167,0.64932,0.75195,1.27065,3.19411,1.27438,0,0.000171981,0.000171981,0.000171981
11,13.6577,1.15681,2.0613,2.48496,1.64329,0,0.00333,1,0.92833,0.62097,0.00333,1,0.92833,0.61216,0.76619,1.65169,3.19126,1.28757,0,0.0001901,0.0001901,0.0001901
12,14.4696,1.17792,1.91416,2.1359,1.52149,0,0.00333,1,0.92833,0.60029,0.00333,1,0.92833,0.61147,0.75179,1.96876,3.17312,1.28761,0,0.000208021,0.000208021,0.000208021
13,15.3473,0.79913,1.75789,1.69742,1.33917,0,0.00333,1,0.995,0.6326,0.00333,1,0.995,0.6762,0.6988,1.77667,3.15127,1.28401,0,0.000225744,0.000225744,0.000225744
14,16.3861,0.86822,1.87992,1.73412,1.39599,0,0.00333,1,0.995,0.57971,0.00333,1,0.995,0.73201,0.77778,1.73376,3.23133,1.28686,0,0.000243269,0.000243269,0.000243269
15,17.2022,0.95749,1.4109,1.52681,1.39541,0,0.00333,1,0.995,0.56364,0.00333,1,0.995,0.73844,0.82362,1.78761,3.2278,1.33727,0,0.000260596,0.000260596,0.000260596
16,18.8022,0.81331,1.29129,1.34828,1.11294,0,0.00333,1,0.995,0.58316,0.00333,1,0.995,0.73783,0.81549,1.79283,3.1656,1.37585,0,0.000277725,0.000277725,0.000277725
17,19.5983,0.84728,1.71619,1.35841,1.33622,0,0.00333,1,0.82917,0.54022,0.00333,1,0.895,0.64604,0.76567,1.79865,3.1925,1.38657,0,0.000294656,0.000294656,0.000294656
18,20.3498,0.73828,1.35389,1.63819,1.25788,0,0.00333,1,0.82917,0.54022,0.00333,1,0.895,0.64604,0.76567,1.79865,3.1925,1.38657,0,0.000311389,0.000311389,0.000311389
19,21.1984,0.71352,1.40792,1.20022,1.12993,0,0.00333,1,0.55278,0.3677,0.00333,1,0.63944,0.42813,0.78344,1.66988,3.1734,1.34978,0,0.000327924,0.000327924,0.000327924
20,21.9978,0.79328,1.32347,1.17443,1.27056,0,0.00333,1,0.55278,0.3677,0.00333,1,0.63944,0.42813,0.78344,1.66988,3.1734,1.34978,0,0.000344261,0.000344261,0.000344261
21,22.8205,0.7709,1.35534,1.40866,1.20614,0,0.00333,1,0.72,0.4708,0.00333,1,0.72,0.4235,0.81942,1.97382,3.10886,1.39769,0,0.0003604,0.0003604,0.0003604
22,23.8905,1.03085,1.72336,1.42732,1.706,0,0.00333,1,0.72,0.4708,0.00333,1,0.72,0.4235,0.81942,1.97382,3.10886,1.39769,0,0.000376341,0.000376341,0.000376341
23,25.4523,0.9065,1.37267,1.46377,1.39551,0,0.00333,1,0.71071,0.43405,0.00333,1,0.82357,0.4313,1.0195,2.27773,3.14058,1.61994,0,0.000392084,0.000392084,0.000392084
24,26.4417,0.77796,1.14713,1.37674,1.10599,0,0.00333,1,0.71071,0.43405,0.00333,1,0.82357,0.4313,1.0195,2.27773,3.14058,1.61994,0,0.000407629,0.000407629,0.000407629
25,27.4918,0.81465,1.45778,1.33585,1.22313,0,0.00333,1,0.86167,0.45618,0.00333,1,0.86167,0.48748,1.19436,2.89257,3.11153,1.79309,0,0.000422976,0.000422976,0.000422976
26,28.4503,0.79825,1.63779,1.21019,1.18759,0,0.00333,1,0.86167,0.45618,0.00333,1,0.86167,0.48748,1.19436,2.89257,3.11153,1.79309,0,0.000438125,0.000438125,0.000438125
27,29.3503,0.9327,1.15719,1.13346,1.12568,0,0.66633,0.39959,0.86167,0.54384,0.66633,0.39959,0.76643,0.4866,1.06932,3.17163,3.06889,1.63935,0,0.000453076,0.000453076,0.000453076
28,30.2181,0.67724,1.31345,1.03997,1.2062,0,0.66633,0.39959,0.86167,0.54384,0.66633,0.39959,0.76643,0.4866,1.06932,3.17163,3.06889,1.63935,0,0.000467829,0.000467829,0.000467829
29,31.2616,0.65764,1.12097,1.17176,1.08474,0,1,0.69204,0.995,0.76848,1,0.69204,0.995,0.57834,0.76988,3.45526,2.81244,1.31854,0,0.000482384,0.000482384,0.000482384
30,32.0578,0.66011,0.98107,1.07457,1.17983,0,1,0.69204,0.995,0.76848,1,0.69204,0.995,0.57834,0.76988,3.45526,2.81244,1.31854,0,0.000496741,0.000496741,0.000496741
31,33.056,0.81077,1.0811,1.31736,1.07207,0,0.94197,0.8,0.92,0.7188,0.94197,0.8,0.92,0.62711,0.68543,3.1822,2.6269,1.24301,0,0.0005109,0.0005109,0.0005109
32,33.8022,0.62612,0.86026,1.28825,1.25796,0,0.94197,0.8,0.92,0.7188,0.94197,0.8,0.92,0.62711,0.68543,3.1822,2.6269,1.24301,0,0.000524861,0.000524861,0.000524861
33,34.6238,0.85177,1.59042,1.3316,1.18247,0,0.9047,0.8,0.96167,0.77561,0.9047,0.8,0.96167,0.58606,0.80007,4.13906,2.44465,1.4719,0,0.000538624,0.000538624,0.000538624
34,35.372,0.91063,1.54921,1.14671,1.26591,0,0.9047,0.8,0.96167,0.77561,0.9047,0.8,0.96167,0.58606,0.80007,4.13906,2.44465,1.4719,0,0.000552189,0.000552189,0.000552189
35,36.1455,0.71381,1.0523,1.07752,1.18314,0,0.94558,0.8,0.93786,0.68373,0.94558,0.8,0.93786,0.61651,0.98367,3.3919,2.4823,1.75523,0,0.000565556,0.000565556,0.000565556
36,36.9333,0.82528,1.3339,1.16305,1.21818,0,0.94558,0.8,0.93786,0.68373,0.94558,0.8,0.93786,0.61651,0.98367,3.3919,2.4823,1.75523,0,0.000578725,0.000578725,0.000578725
37,37.8513,0.75293,1.12607,1.17421,1.32854,0,0.94537,0.8,0.96167,0.67897,0.94537,0.8,0.96167,0.67877,1.06436,2.83777,2.56031,1.85888,0,0.000591696,0.000591696,0.000591696
38,38.7373,0.69439,1.3984,1.25344,1.26574,0,0.94537,0.8,0.96167,0.67897,0.94537,0.8,0.96167,0.67877,1.06436,2.83777,2.56031,1.85888,0,0.000604469,0.000604469,0.000604469
39,39.5619,0.78257,1.37333,1.20262,1.30696,0,1,0.71639,0.93786,0.66132,1,0.71639,0.93786,0.6746,1.17627,2.77245,2.60704,2.00459,0,0.000617044,0.000617044,0.000617044
40,40.5927,1.00168,1.30312,1.4563,1.26998,0,1,0.71639,0.93786,0.66132,1,0.71639,0.93786,0.6746,1.17627,2.77245,2.60704,2.00459,0,0.000629421,0.000629421,0.000629421
41,41.4372,0.79168,1.41114,1.18763,1.22434,0,0.94848,0.6,0.88071,0.58149,1,0.74481,0.96167,0.70173,1.22424,2.57138,2.74296,2.11284,0,0.0006416,0.0006416,0.0006416
42,42.2196,0.80887,1.45142,1.22207,1.34699,0,0.94848,0.6,0.88071,0.58149,1,0.74481,0.96167,0.70173,1.22424,2.57138,2.74296,2.11284,0,0.000653581,0.000653581,0.000653581
43,42.9927,0.68858,1.11998,1.09028,1.30511,0,0.54581,0.72826,0.77,0.51728,0.93614,0.6,0.88071,0.71663,1.249,2.13447,2.84531,2.13916,0,0.000665364,0.000665364,0.000665364
44,43.7559,0.83729,0.9683,1.30636,1.27489,0,0.54581,0.72826,0.77,0.51728,0.93614,0.6,0.88071,0.71663,1.249,2.13447,2.84531,2.13916,0,0.000676949,0.000676949,0.000676949
45,44.5678,0.83334,1.07325,1.06314,1.18451,0,0.44478,0.64538,0.715,0.47947,0.58077,0.8,0.80333,0.68595,1.27683,2.55819,2.86379,1.96586,0,0.000688336,0.000688336,0.000688336
46,45.3349,0.75221,0.78714,1.24552,1.25203,0,0.44478,0.64538,0.715,0.47947,0.58077,0.8,0.80333,0.68595,1.27683,2.55819,2.86379,1.96586,0,0.000699525,0.000699525,0.000699525
47,46.1492,0.85049,0.93445,1.31639,1.46988,0,1,0.77692,0.995,0.77346,1,0.77692,0.995,0.80075,0.78509,2.03194,2.46768,1.3558,0,0.000710516,0.000710516,0.000710516
48,47.0966,0.68462,0.68797,1.27949,1.22916,0,1,0.77692,0.995,0.77346,1,0.77692,0.995,0.80075,0.78509,2.03194,2.46768,1.3558,0,0.000721309,0.000721309,0.000721309
49,48.8705,0.72008,1.11167,1.12353,1.17341,0,0.98146,1,0.995,0.84756,0.98146,1,0.995,0.81487,0.75596,2.08686,2.41896,1.29019,0,0.000731904,0.000731904,0.000731904
50,49.8308,1.17634,1.13861,1.49238,1.43232,0,0.98146,1,0.995,0.84756,0.98146,1,0.995,0.81487,0.75596,2.08686,2.41896,1.29019,0,0.000742301,0.000742301,0.000742301
51,52.5999,0.74046,0.95395,1.26281,1.14756,0,0.96704,1,0.995,0.81048,0.96704,1,0.995,0.76849,0.84684,3.11699,2.16016,1.51783,0,0.0007525,0.0007525,0.0007525
52,53.3698,0.87251,1.81337,1.14684,1.34403,0,0.96704,1,0.995,0.81048,0.96704,1,0.995,0.76849,0.84684,3.11699,2.16016,1.51783,0,0.000762501,0.000762501,0.000762501
53,54.6991,0.72446,0.77897,1.0058,1.34113,0,0.96704,1,0.995,0.81048,0.96704,1,0.995,0.76849,0.84684,3.11699,2.16016,1.51783,0,0.000772304,0.000772304,0.000772304
54,55.6933,0.82067,1.28713,1.15594,1.26013,0,0.98209,1,0.995,0.68412,0.98209,1,0.995,0.76656,0.92279,2.77943,2.28822,1.86205,0,0.000781909,0.000781909,0.000781909
55,56.6501,0.71118,1.37297,1.25808,1.26221,0,0.98209,1,0.995,0.68412,0.98209,1,0.995,0.76656,0.92279,2.77943,2.28822,1.86205,0,0.000791316,0.000791316,0.000791316
56,57.5639,0.82234,1.28825,1.31125,1.21217,0,0.98209,1,0.995,0.68412,0.98209,1,0.995,0.76656,0.92279,2.77943,2.28822,1.86205,0,0.000800525,0.000800525,0.000800525
57,58.7517,0.80391,1.00551,1.10655,1.31506,0,1,0.99775,0.995,0.51291,1,0.99775,0.995,0.761,1.20396,2.03777,2.69708,2.31901,0,0.000809536,0.000809536,0.000809536
58,59.8261,0.76466,0.92225,1.20847,1.18514,0,1,0.99775,0.995,0.51291,1,0.99775,0.995,0.761,1.20396,2.03777,2.69708,2.31901,0,0.000818349,0.000818349,0.000818349
59,60.7112,1.01419,1.70519,1.15742,1.4157,0,1,0.99775,0.995,0.51291,1,0.99775,0.995,0.761,1.20396,2.03777,2.69708,2.31901,0,0.000826964,0.000826964,0.000826964
60,61.7329,0.70662,0.97774,1.1709,1.24612,0,0.95127,0.8,0.895,0.48775,1,0.97298,0.995,0.74304,1.04294,1.77761,2.88072,1.94091,0,0.000835381,0.000835381,0.000835381
61,62.4128,0.77093,1.0042,1.06736,1.07835,0,0.95127,0.8,0.895,0.48775,1,0.97298,0.995,0.74304,1.04294,1.77761,2.88072,1.94091,0,0.0008436,0.0008436,0.0008436
62,63.1853,0.79897,1.08144,1.10267,1.28643,0,0.95127,0.8,0.895,0.48775,1,0.97298,0.995,0.74304,1.04294,1.77761,2.88072,1.94091,0,0.000851621,0.000851621,0.000851621
63,64.0137,0.71683,0.98862,1.07996,1.24231,0,0.83107,0.9864,0.96167,0.72293,0.83107,0.9864,0.96167,0.77761,0.95394,2.43161,2.32371,1.74369,0,0.000859444,0.000859444,0.000859444
64,64.8171,0.83844,0.96852,1.18323,1.14949,0,0.83107,0.9864,0.96167,0.72293,0.83107,0.9864,0.96167,0.77761,0.95394,2.43161,2.32371,1.74369,0,0.000867069,0.000867069,0.000867069
65,65.5774,0.85448,1.14895,1.23726,1.25734,0,0.83107,0.9864,0.96167,0.72293,0.83107,0.9864,0.96167,0.77761,0.95394,2.43161,2.32371,1.74369,0,0.000874496,0.000874496,0.000874496
66,66.3699,1.05247,1.54065,1.3856,1.60181,0,1,0.76333,0.92,0.56579,1,0.76333,0.92,0.59464,0.9931,1.62058,2.50461,1.64043,0,0.000881725,0.000881725,0.000881725
67,67.0797,0.82317,1.32448,1.16872,1.29842,0,1,0.76333,0.92,0.56579,1,0.76333,0.92,0.59464,0.9931,1.62058,2.50461,1.64043,0,0.000888756,0.000888756,0.000888756
68,68.1097,0.95794,0.78504,1.15329,1.40776,0,1,0.76333,0.92,0.56579,1,0.76333,0.92,0.59464,0.9931,1.62058,2.50461,1.64043,0,0.000895589,0.000895589,0.000895589
69,68.8775,0.6263,1.09095,0.95426,1.09894,0,0.81654,1,0.96167,0.50679,0.81654,1,0.96167,0.54013,0.94979,1.02145,2.36931,1.43909,0,0.000902224,0.000902224,0.000902224
70,69.8654,0.74855,1.08265,1.06483,1.16908,0,0.81654,1,0.96167,0.50679,0.81654,1,0.96167,0.54013,0.94979,1.02145,2.36931,1.43909,0,0.000908661,0.000908661,0.000908661
71,70.717,0.88332,0.92335,1.3601,1.38582,0,0.81654,1,0.96167,0.50679,0.81654,1,0.96167,0.54013,0.94979,1.02145,2.36931,1.43909,0,0.0009149,0.0009149,0.0009149
72,71.5382,0.60507,0.72698,0.8598,1.10741,0,0.84483,1,0.995,0.60729,0.84483,1,0.995,0.64862,0.9893,0.83371,2.27844,1.5632,0,0.000920941,0.000920941,0.000920941
73,72.2731,0.67255,1.23771,1.0374,1.16808,0,0.84483,1,0.995,0.60729,0.84483,1,0.995,0.64862,0.9893,0.83371,2.27844,1.5632,0,0.000926784,0.000926784,0.000926784
74,73.2109,0.64858,1.06458,0.91767,1.19704,0,0.84483,1,0.995,0.60729,0.84483,1,0.995,0.64862,0.9893,0.83371,2.27844,1.5632,0,0.000932429,0.000932429,0.000932429
75,74.0113,0.63874,1.10389,1.12392,1.1081,0,0.97513,1,0.995,0.57021,0.97513,1,0.995,0.60627,0.89943,0.85787,2.28428,1.54284,0,0.000937876,0.000937876,0.000937876
76,74.7576,0.71483,0.82399,1.06283,1.14459,0,0.97513,1,0.995,0.57021,0.97513,1,0.995,0.60627,0.89943,0.85787,2.28428,1.54284,0,0.000943125,0.000943125,0.000943125
77,75.84,0.69488,0.80108,1.03565,1.17625,0,0.97513,1,0.995,0.57021,0.97513,1,0.995,0.60627,0.89943,0.85787,2.28428,1.54284,0,0.000948176,0.000948176,0.000948176
78,76.6479,0.68677,0.60394,1.02101,1.17733,0,0.99788,1,0.995,0.62396,0.99788,1,0.995,0.79355,0.88919,1.18466,2.2642,1.51062,0,0.000953029,0.000953029,0.000953029
79,77.4413,0.69487,0.87478,1.00355,1.18828,0,0.99788,1,0.995,0.62396,0.99788,1,0.995,0.79355,0.88919,1.18466,2.2642,1.51062,0,0.000957684,0.000957684,0.000957684
80,78.4031,0.8663,1.17733,1.50693,1.46478,0,0.99788,1,0.995,0.62396,0.99788,1,0.995,0.79355,0.88919,1.18466,2.2642,1.51062,0,0.000962141,0.000962141,0.000962141
81,79.2842,0.86302,1.27432,1.19484,1.32469,0,0.82949,0.97694,0.92833,0.42827,0.82949,0.97694,0.92833,0.7278,1.39305,1.06122,2.39316,2.08063,0,0.0009664,0.0009664,0.0009664
82,80.0628,0.76614,1.33928,1.01298,1.18604,0,0.82949,0.97694,0.92833,0.42827,0.82949,0.97694,0.92833,0.7278,1.39305,1.06122,2.39316,2.08063,0,0.000970461,0.000970461,0.000970461
83,81.1097,0.67783,0.68546,1.02453,1.09459,0,0.82949,0.97694,0.92833,0.42827,0.82949,0.97694,0.92833,0.7278,1.39305,1.06122,2.39316,2.08063,0,0.000974324,0.000974324,0.000974324
84,81.9401,0.89196,1.02852,1.08191,1.31645,0,0.65585,0.8,0.59682,0.33658,0.8201,1,0.96167,0.74508,1.46651,1.24198,2.3346,2.16329,0,0.000977989,0.000977989,0.000977989
85,82.6306,0.79363,0.72684,0.97627,1.21222,0,0.65585,0.8,0.59682,0.33658,0.8201,1,0.96167,0.74508,1.46651,1.24198,2.3346,2.16329,0,0.000981456,0.000981456,0.000981456
86,83.9858,0.77765,1.03152,1.0499,1.188,0,0.65585,0.8,0.59682,0.33658,0.8201,1,0.96167,0.74508,1.46651,1.24198,2.3346,2.16329,0,0.000984725,0.000984725,0.000984725
87,85.2892,0.7163,1.16107,1.14255,1.2253,0,0.65585,0.8,0.59682,0.33658,0.8201,1,0.96167,0.74508,1.46651,1.24198,2.3346,2.16329,0,0.000987796,0.000987796,0.000987796
88,87.2575,0.67477,0.80712,0.9261,0.96308,0,0.98701,1,0.995,0.87007,0.98701,1,0.995,0.88306,0.74323,1.23165,1.67465,1.33746,0,0.000990669,0.000990669,0.000990669
89,90.2504,1.00359,1.48584,1.40317,1.22268,0,0.98701,1,0.995,0.87007,0.98701,1,0.995,0.88306,0.74323,1.23165,1.67465,1.33746,0,0.000993344,0.000993344,0.000993344
90,93.0875,0.58842,0.82274,0.90809,1.116,0,0.98701,1,0.995,0.87007,0.98701,1,0.995,0.88306,0.74323,1.23165,1.67465,1.33746,0,0.000995821,0.000995821,0.000995821
91,94.5387,0.71732,0.82553,0.98277,1.1212,0,0.98701,1,0.995,0.87007,0.98701,1,0.995,0.88306,0.74323,1.23165,1.67465,1.33746,0,0.0009981,0.0009981,0.0009981
92,95.7363,0.76015,1.52616,1.00712,1.0646,0,0.98848,1,0.995,0.87153,0.98848,1,0.995,0.86507,0.58228,1.2769,1.49722,1.12275,0,0.00100018,0.00100018,0.00100018
93,96.6818,0.9107,0.82542,1.30378,1.44587,0,0.98848,1,0.995,0.87153,0.98848,1,0.995,0.86507,0.58228,1.2769,1.49722,1.12275,0,0.00100206,0.00100206,0.00100206
94,97.7007,0.70269,0.95667,0.87988,1.10786,0,0.98848,1,0.995,0.87153,0.98848,1,0.995,0.86507,0.58228,1.2769,1.49722,1.12275,0,0.00100375,0.00100375,0.00100375
95,98.4898,0.79576,0.92086,1.06535,1.23309,0,0.98848,1,0.995,0.87153,0.98848,1,0.995,0.86507,0.58228,1.2769,1.49722,1.12275,0,0.00100524,0.00100524,0.00100524
96,99.4233,0.75664,1.14623,0.97049,1.18665,0,0.98595,1,0.995,0.84754,0.98595,1,0.995,0.89106,0.68298,1.14659,1.49668,1.14725,0,0.00100653,0.00100653,0.00100653
97,100.673,0.5715,0.73041,0.84415,1.06361,0,0.98595,1,0.995,0.84754,0.98595,1,0.995,0.89106,0.68298,1.14659,1.49668,1.14725,0,0.00100762,0.00100762,0.00100762
98,101.442,0.57362,0.76964,0.86898,1.11232,0,0.98595,1,0.995,0.84754,0.98595,1,0.995,0.89106,0.68298,1.14659,1.49668,1.14725,0,0.00100851,0.00100851,0.00100851
99,102.215,0.72758,1.30692,1.09499,1.21995,0,0.98595,1,0.995,0.84754,0.98595,1,0.995,0.89106,0.68298,1.14659,1.49668,1.14725,0,0.0010092,0.0010092,0.0010092
100,103.025,0.68649,1.17769,1.041,1.09267,0,0.98476,1,0.995,0.84754,0.98476,1,0.995,0.88706,0.67286,1.07242,1.56029,1.19783,0,0.0010097,0.0010097,0.0010097
101,103.781,0.71237,1.32973,0.93125,1.16804,0,0.98476,1,0.995,0.84754,0.98476,1,0.995,0.88706,0.67286,1.07242,1.56029,1.19783,0,0.00101,0.00101,0.00101
102,104.518,0.96582,1.00259,1.0231,1.36734,0,0.98476,1,0.995,0.84754,0.98476,1,0.995,0.88706,0.67286,1.07242,1.56029,1.19783,0,0.0010001,0.0010001,0.0010001
103,105.394,0.61887,0.78662,0.84821,1.12881,0,0.98476,1,0.995,0.84754,0.98476,1,0.995,0.88706,0.67286,1.07242,1.56029,1.19783,0,0.0009902,0.0009902,0.0009902
104,106.449,1.03728,1.58649,1.22081,1.59273,0,0.98371,1,0.995,0.81553,0.98371,1,0.995,0.88706,0.7722,0.82887,1.59931,1.29541,0,0.0009803,0.0009803,0.0009803
105,107.174,0.75184,0.94914,0.88021,1.24117,0,0.98371,1,0.995,0.81553,0.98371,1,0.995,0.88706,0.7722,0.82887,1.59931,1.29541,0,0.0009704,0.0009704,0.0009704
106,107.951,0.72209,1.05888,0.95651,1.21033,0,0.98371,1,0.995,0.81553,0.98371,1,0.995,0.88706,0.7722,0.82887,1.59931,1.29541,0,0.0009605,0.0009605,0.0009605
107,108.77,0.66276,0.94372,1.11188,1.17432,0,0.98371,1,0.995,0.81553,0.98371,1,0.995,0.88706,0.7722,0.82887,1.59931,1.29541,0,0.0009506,0.0009506,0.0009506
108,109.563,0.61087,1.31624,0.86976,1.16511,0,0.98713,1,0.995,0.75957,0.98713,1,0.995,0.8311,0.83382,0.80551,1.36806,1.39683,0,0.0009407,0.0009407,0.0009407
109,110.305,0.80046,1.39883,0.8418,1.26958,0,0.98713,1,0.995,0.75957,0.98713,1,0.995,0.8311,0.83382,0.80551,1.36806,1.39683,0,0.0009308,0.0009308,0.0009308
110,111.303,0.63386,1.31323,0.86823,1.12836,0,0.98713,1,0.995,0.75957,0.98713,1,0.995,0.8311,0.83382,0.80551,1.36806,1.39683,0,0.0009209,0.0009209,0.0009209
111,112.29,0.77841,0.93163,0.92023,1.31537,0,0.98713,1,0.995,0.75957,0.98713,1,0.995,0.8311,0.83382,0.80551,1.36806,1.39683,0,0.000911,0.000911,0.000911
112,113.071,0.73437,0.89474,0.81293,1.01471,0,0.98841,1,0.995,0.69207,0.98841,1,0.995,0.80481,1.01915,0.90642,1.72906,1.65256,0,0.0009011,0.0009011,0.0009011
113,113.835,0.72462,1.24612,0.89584,1.14259,0,0.98841,1,0.995,0.69207,0.98841,1,0.995,0.80481,1.01915,0.90642,1.72906,1.65256,0,0.0008912,0.0008912,0.0008912
114,114.579,0.73522,1.12055,1.00894,1.3075,0,0.98841,1,0.995,0.69207,0.98841,1,0.995,0.80481,1.01915,0.90642,1.72906,1.65256,0,0.0008813,0.0008813,0.0008813
115,115.431,0.89813,1.30584,1.0001,1.33719,0,0.98841,1,0.995,0.69207,0.98841,1,0.995,0.80481,1.01915,0.90642,1.72906,1.65256,0,0.0008714,0.0008714,0.0008714
116,116.466,0.62523,0.69996,0.97994,1.12874,0,0.9578,1,0.995,0.70294,0.9578,1,0.995,0.80581,0.98577,0.76912,1.71836,1.67334,0,0.0008615,0.0008615,0.0008615
117,117.297,1.17289,1.63887,1.15,1.64823,0,0.9578,1,0.995,0.70294,0.9578,1,0.995,0.80581,0.98577,0.76912,1.71836,1.67334,0,0.0008516,0.0008516,0.0008516
118,118.29,0.94368,1.06322,0.96524,1.3663,0,0.9578,1,0.995,0.70294,0.9578,1,0.995,0.80581,0.98577,0.76912,1.71836,1.67334,0,0.0008417,0.0008417,0.0008417
119,119.044,0.86385,1.3205,1.21364,1.58406,0,0.9578,1,0.995,0.70294,0.9578,1,0.995,0.80581,0.98577,0.76912,1.71836,1.67334,0,0.0008318,0.0008318,0.0008318
120,120.077,0.82468,0.79879,0.80622,1.10473,0,0.98381,1,0.995,0.78746,0.98381,1,0.995,0.87235,0.85471,0.83717,1.29536,1.54881,0,0.0008219,0.0008219,0.0008219
121,121.131,0.65594,0.79968,0.89647,1.03211,0,0.98381,1,0.995,0.78746,0.98381,1,0.995,0.87235,0.85471,0.83717,1.29536,1.54881,0,0.000812,0.000812,0.000812
122,122.653,0.65903,0.75817,0.79078,1.20243,0,0.98381,1,0.995,0.78746,0.98381,1,0.995,0.87235,0.85471,0.83717,1.29536,1.54881,0,0.0008021,0.0008021,0.0008021
123,123.543,0.81616,0.97251,0.9534,1.17727,0,0.98381,1,0.995,0.78746,0.98381,1,0.995,0.87235,0.85471,0.83717,1.29536,1.54881,0,0.0007922,0.0007922,0.0007922
124,125.138,0.73472,0.9896,0.82095,1.12752,0,0.9876,1,0.995,0.9101,0.9876,1,0.995,0.94504,0.66928,0.86964,1.32332,1.25729,0,0.0007823,0.0007823,0.0007823
125,128.308,0.56928,1.21652,1.04244,1.21259,0,0.9876,1,0.995,0.9101,0.9876,1,0.995,0.94504,0.66928,0.86964,1.32332,1.25729,0,0.0007724,0.0007724,0.0007724
126,132.898,1.05285,0.85584,1.01656,1.3323,0,0.9876,1,0.995,0.9101,0.9876,1,0.995,0.94504,0.66928,0.86964,1.32332,1.25729,0,0.0007625,0.0007625,0.0007625
127,137.097,0.73565,0.69914,0.7664,1.19424,0,0.9876,1,0.995,0.9101,0.9876,1,0.995,0.94504,0.66928,0.86964,1.32332,1.25729,0,0.0007526,0.0007526,0.0007526
128,142.032,0.66945,0.72249,0.76673,1.07125,0,0.98592,1,0.995,0.95004,0.98592,1,0.995,0.92504,0.54554,0.93236,1.32575,1.07538,0,0.0007427,0.0007427,0.0007427
129,144.369,0.86901,1.57566,1.17419,1.23751,0,0.98592,1,0.995,0.95004,0.98592,1,0.995,0.92504,0.54554,0.93236,1.32575,1.07538,0,0.0007328,0.0007328,0.0007328
130,145.573,0.95787,1.46568,1.09442,1.42933,0,0.98592,1,0.995,0.95004,0.98592,1,0.995,0.92504,0.54554,0.93236,1.32575,1.07538,0,0.0007229,0.0007229,0.0007229
131,146.547,0.70492,0.90284,0.84933,1.16944,0,0.98592,1,0.995,0.95004,0.98592,1,0.995,0.92504,0.54554,0.93236,1.32575,1.07538,0,0.000713,0.000713,0.000713
132,147.593,0.54235,0.62072,0.70987,1.00488,0,0.98809,1,0.995,0.92207,0.98809,1,0.995,0.92837,0.53342,0.99678,1.26493,1.02591,0,0.0007031,0.0007031,0.0007031
133,148.443,0.77134,1.31189,0.99287,1.33138,0,0.98809,1,0.995,0.92207,0.98809,1,0.995,0.92837,0.53342,0.99678,1.26493,1.02591,0,0.0006932,0.0006932,0.0006932
134,149.228,0.63694,0.70416,0.77146,1.12481,0,0.98809,1,0.995,0.92207,0.98809,1,0.995,0.92837,0.53342,0.99678,1.26493,1.02591,0,0.0006833,0.0006833,0.0006833
135,150.187,0.64331,0.54097,0.87949,1.23561,0,0.98809,1,0.995,0.92207,0.98809,1,0.995,0.92837,0.53342,0.99678,1.26493,1.02591,0,0.0006734,0.0006734,0.0006734
136,151.073,0.88142,1.05735,0.99309,1.34151,0,0.98787,1,0.995,0.85554,0.98787,1,0.995,0.89707,0.53348,0.95784,1.21951,1.03306,0,0.0006635,0.0006635,0.0006635
137,151.813,0.6649,0.57698,0.76724,1.21157,0,0.98787,1,0.995,0.85554,0.98787,1,0.995,0.89707,0.53348,0.95784,1.21951,1.03306,0,0.0006536,0.0006536,0.0006536
138,152.597,0.76853,0.91798,0.8616,1.15402,0,0.98787,1,0.995,0.85554,0.98787,1,0.995,0.89707,0.53348,0.95784,1.21951,1.03306,0,0.0006437,0.0006437,0.0006437
139,153.622,0.6359,0.53079,0.75753,1.08775,0,0.98787,1,0.995,0.85554,0.98787,1,0.995,0.89707,0.53348,0.95784,1.21951,1.03306,0,0.0006338,0.0006338,0.0006338
140,154.462,0.72611,1.10702,0.92905,1.23828,0,0.9877,1,0.995,0.86753,0.9877,1,0.995,0.9044,0.52215,0.73137,1.18893,1.0104,0,0.0006239,0.0006239,0.0006239
141,155.3,0.66319,0.91366,0.82405,1.16419,0,0.9877,1,0.995,0.86753,0.9877,1,0.995,0.9044,0.52215,0.73137,1.18893,1.0104,0,0.000614,0.000614,0.000614
142,156.164,0.62983,0.7952,0.7908,1.15357,0,0.9877,1,0.995,0.86753,0.9877,1,0.995,0.9044,0.52215,0.73137,1.18893,1.0104,0,0.0006041,0.0006041,0.0006041
143,156.936,0.93118,1.22289,0.89961,1.14829,0,0.9877,1,0.995,0.86753,0.9877,1,0.995,0.9044,0.52215,0.73137,1.18893,1.0104,0,0.0005942,0.0005942,0.0005942
144,157.803,0.5755,0.83512,0.70905,1.00108,0,0.98603,1,0.995,0.87806,0.98603,1,0.995,0.94037,0.50832,0.60853,1.17657,0.98128,0,0.0005843,0.0005843,0.0005843
145,158.653,0.78172,0.60671,0.89684,1.18056,0,0.98603,1,0.995,0.87806,0.98603,1,0.995,0.94037,0.50832,0.60853,1.17657,0.98128,0,0.0005744,0.0005744,0.0005744
146,159.616,0.87805,1.00004,0.86185,1.36101,0,0.98603,1,0.995,0.87806,0.98603,1,0.995,0.94037,0.50832,0.60853,1.17657,0.98128,0,0.0005645,0.0005645,0.0005645
147,160.688,0.70102,0.65135,0.87165,1.25262,0,0.98603,1,0.995,0.87806,0.98603,1,0.995,0.94037,0.50832,0.60853,1.17657,0.98128,0,0.0005546,0.0005546,0.0005546
148,162.046,0.69412,0.77791,0.73628,1.12198,0,0.98536,1,0.995,0.89943,0.98536,1,0.995,0.93904,0.46199,0.66422,1.13881,0.96402,0,0.0005447,0.0005447,0.0005447
149,162.801,0.51645,0.78346,0.68901,1.03528,0,0.98536,1,0.995,0.89943,0.98536,1,0.995,0.93904,0.46199,0.66422,1.13881,0.96402,0,0.0005348,0.0005348,0.0005348
150,163.558,0.64903,0.82868,0.77019,1.23672,0,0.98536,1,0.995,0.89943,0.98536,1,0.995,0.93904,0.46199,0.66422,1.13881,0.96402,0,0.0005249,0.0005249,0.0005249
151,164.394,0.67652,1.05046,0.66396,1.09079,0,0.98536,1,0.995,0.89943,0.98536,1,0.995,0.93904,0.46199,0.66422,1.13881,0.96402,0,0.000515,0.000515,0.000515
152,165.237,0.73435,0.70655,0.75634,1.15107,0,0.97837,1,0.995,0.91329,0.97837,1,0.995,0.94704,0.45309,0.68779,1.17216,0.95426,0,0.0005051,0.0005051,0.0005051
153,165.986,0.65374,0.8297,0.8491,1.1296,0,0.97837,1,0.995,0.91329,0.97837,1,0.995,0.94704,0.45309,0.68779,1.17216,0.95426,0,0.0004952,0.0004952,0.0004952
154,167.41,0.82009,0.99941,0.73065,1.07677,0,0.97837,1,0.995,0.91329,0.97837,1,0.995,0.94704,0.45309,0.68779,1.17216,0.95426,0,0.0004853,0.0004853,0.0004853
155,168.342,0.63176,0.87661,0.68398,1.00679,0,0.97837,1,0.995,0.91329,0.97837,1,0.995,0.94704,0.45309,0.68779,1.17216,0.95426,0,0.0004754,0.0004754,0.0004754
156,169.223,0.64162,0.83631,0.77884,1.06,0,0.97564,1,0.995,0.95913,0.97564,1,0.995,0.94037,0.44611,0.63712,1.10425,0.92622,0,0.0004655,0.0004655,0.0004655
157,170.737,0.92711,1.39379,1.5242,1.68263,0,0.97564,1,0.995,0.95913,0.97564,1,0.995,0.94037,0.44611,0.63712,1.10425,0.92622,0,0.0004556,0.0004556,0.0004556
158,171.864,0.5435,0.60466,0.60725,1.03895,0,0.97564,1,0.995,0.95913,0.97564,1,0.995,0.94037,0.44611,0.63712,1.10425,0.92622,0,0.0004457,0.0004457,0.0004457
159,173.38,0.67716,1.00438,0.72277,1.10533,0,0.97564,1,0.995,0.95913,0.97564,1,0.995,0.94037,0.44611,0.63712,1.10425,0.92622,0,0.0004358,0.0004358,0.0004358
160,174.499,0.61192,0.56577,0.74172,1.16212,0,0.98151,1,0.995,0.90203,0.98151,1,0.995,0.94037,0.42745,0.56326,0.95814,0.91447,0,0.0004259,0.0004259,0.0004259
161,175.265,0.76592,0.70198,0.93532,1.19171,0,0.98151,1,0.995,0.90203,0.98151,1,0.995,0.94037,0.42745,0.56326,0.95814,0.91447,0,0.000416,0.000416,0.000416
162,176.817,0.65086,0.91485,0.7226,1.14981,0,0.98151,1,0.995,0.90203,0.98151,1,0.995,0.94037,0.42745,0.56326,0.95814,0.91447,0,0.0004061,0.0004061,0.0004061
163,177.57,0.75408,1.2201,0.80409,1.07411,0,0.98151,1,0.995,0.90203,0.98151,1,0.995,0.94037,0.42745,0.56326,0.95814,0.91447,0,0.0003962,0.0003962,0.0003962
164,178.383,0.45659,0.44537,0.63613,0.98992,0,0.98483,1,0.995,0.92187,0.98483,1,0.995,0.93904,0.46122,0.49649,0.94837,0.95129,0,0.0003863,0.0003863,0.0003863
165,179.174,0.5079,0.6233,0.64626,1.02073,0,0.98483,1,0.995,0.92187,0.98483,1,0.995,0.93904,0.46122,0.49649,0.94837,0.95129,0,0.0003764,0.0003764,0.0003764
166,180.441,0.55044,0.67607,0.67892,1.03648,0,0.98483,1,0.995,0.92187,0.98483,1,0.995,0.93904,0.46122,0.49649,0.94837,0.95129,0,0.0003665,0.0003665,0.0003665
167,181.231,0.71254,1.09723,1.03199,1.20902,0,0.98483,1,0.995,0.92187,0.98483,1,0.995,0.93904,0.46122,0.49649,0.94837,0.95129,0,0.0003566,0.0003566,0.0003566
168,182.028,0.66349,0.78693,0.86459,1.12796,0,0.98608,1,0.995,0.92187,0.98608,1,0.995,0.93904,0.47941,0.47392,1.00816,0.9659,0,0.0003467,0.0003467,0.0003467
169,182.842,0.71799,0.74803,0.76003,1.08504,0,0.98608,1,0.995,0.92187,0.98608,1,0.995,0.93904,0.47941,0.47392,1.00816,0.9659,0,0.0003368,0.0003368,0.0003368
170,183.63,0.54198,0.84799,0.60849,1.13831,0,0.98608,1,0.995,0.92187,0.98608,1,0.995,0.93904,0.47941,0.47392,1.00816,0.9659,0,0.0003269,0.0003269,0.0003269
171,184.417,0.75722,1.23053,0.89387,1.28513,0,0.98608,1,0.995,0.92187,0.98608,1,0.995,0.93904,0.47941,0.47392,1.00816,0.9659,0,0.000317,0.000317,0.000317
172,185.362,0.64539,0.59166,0.67453,1.14238,0,0.98706,1,0.995,0.91134,0.98706,1,0.995,0.94037,0.49367,0.46805,0.97683,0.98651,0,0.0003071,0.0003071,0.0003071
173,186.348,0.85185,1.60141,0.93341,1.35749,0,0.98706,1,0.995,0.91134,0.98706,1,0.995,0.94037,0.49367,0.46805,0.97683,0.98651,0,0.0002972,0.0002972,0.0002972
174,187.371,0.71519,1.12185,0.7609,1.18375,0,0.98706,1,0.995,0.91134,0.98706,1,0.995,0.94037,0.49367,0.46805,0.97683,0.98651,0,0.0002873,0.0002873,0.0002873
175,188.131,0.84474,0.82813,0.79546,1.19384,0,0.98706,1,0.995,0.91134,0.98706,1,0.995,0.94037,0.49367,0.46805,0.97683,0.98651,0,0.0002774,0.0002774,0.0002774
176,188.948,0.56863,0.82158,0.69472,1.10758,0,0.98957,1,0.995,0.91134,0.98957,1,0.995,0.94037,0.5359,0.47014,1.01183,1.0119,0,0.0002675,0.0002675,0.0002675
177,189.894,0.73465,0.79287,0.81279,1.18888,0,0.98957,1,0.995,0.91134,0.98957,1,0.995,0.94037,0.5359,0.47014,1.01183,1.0119,0,0.0002576,0.0002576,0.0002576
178,190.976,0.72204,0.87573,0.80573,1.14161,0,0.98957,1,0.995,0.91134,0.98957,1,0.995,0.94037,0.5359,0.47014,1.01183,1.0119,0,0.0002477,0.0002477,0.0002477
179,191.806,0.78313,0.80447,0.76011,1.20266,0,0.98957,1,0.995,0.91134,0.98957,1,0.995,0.94037,0.5359,0.47014,1.01183,1.0119,0,0.0002378,0.0002378,0.0002378
180,192.603,0.62119,0.84018,0.80861,1.1105,0,0.99062,1,0.995,0.91529,0.99062,1,0.995,0.94704,0.52901,0.46848,1.00272,1.00056,0,0.0002279,0.0002279,0.0002279
181,193.425,0.41212,0.71424,0.60739,0.9806,0,0.99062,1,0.995,0.91529,0.99062,1,0.995,0.94704,0.52901,0.46848,1.00272,1.00056,0,0.000218,0.000218,0.000218
182,194.286,0.57219,0.77393,0.65005,1.02664,0,0.99062,1,0.995,0.91529,0.99062,1,0.995,0.94704,0.52901,0.46848,1.00272,1.00056,0,0.0002081,0.0002081,0.0002081
183,196.148,0.57383,0.79659,0.62643,0.98286,0,0.99062,1,0.995,0.91529,0.99062,1,0.995,0.94704,0.52901,0.46848,1.00272,1.00056,0,0.0001982,0.0001982,0.0001982
184,197.414,0.5561,0.73309,0.65487,1.10201,0,0.99081,1,0.995,0.92837,0.99081,1,0.995,0.94704,0.51846,0.46131,0.94361,0.98655,0,0.0001883,0.0001883,0.0001883
185,198.41,0.74108,1.15255,0.77075,1.29336,0,0.99081,1,0.995,0.92837,0.99081,1,0.995,0.94704,0.51846,0.46131,0.94361,0.98655,0,0.0001784,0.0001784,0.0001784
186,199.308,0.57612,1.11547,0.64649,0.99991,0,0.99081,1,0.995,0.92837,0.99081,1,0.995,0.94704,0.51846,0.46131,0.94361,0.98655,0,0.0001685,0.0001685,0.0001685
187,200.33,0.55201,0.72146,0.6331,1.16195,0,0.99081,1,0.995,0.92837,0.99081,1,0.995,0.94704,0.51846,0.46131,0.94361,0.98655,0,0.0001586,0.0001586,0.0001586
188,201.241,0.52865,0.72028,0.6826,1.07053,0,0.9907,1,0.995,0.93504,0.9907,1,0.995,0.94037,0.51795,0.45926,0.89517,0.98457,0,0.0001487,0.0001487,0.0001487
189,202.169,0.51766,0.88761,0.66601,1.09265,0,0.9907,1,0.995,0.93504,0.9907,1,0.995,0.94037,0.51795,0.45926,0.89517,0.98457,0,0.0001388,0.0001388,0.0001388
190,202.929,0.52868,0.83311,0.64194,0.99747,0,0.9907,1,0.995,0.93504,0.9907,1,0.995,0.94037,0.51795,0.45926,0.89517,0.98457,0,0.0001289,0.0001289,0.0001289
191,205.634,0.46553,0.78583,1.41874,1.13285,0,0.9907,1,0.995,0.93504,0.9907,1,0.995,0.94037,0.51795,0.45926,0.89517,0.98457,0,0.000119,0.000119,0.000119
192,207.442,0.43073,0.53549,1.28922,1.10033,0,0.99046,1,0.995,0.93504,0.99046,1,0.995,0.96703,0.50615,0.45809,0.88497,0.97324,0,0.0001091,0.0001091,0.0001091
193,208.771,0.58057,0.47962,1.06997,1.4032,0,0.99046,1,0.995,0.93504,0.99046,1,0.995,0.96703,0.50615,0.45809,0.88497,0.97324,0,9.92e-05,9.92e-05,9.92e-05
194,211.403,0.37509,0.71602,1.37795,1.08608,0,0.99046,1,0.995,0.93504,0.99046,1,0.995,0.96703,0.50615,0.45809,0.88497,0.97324,0,8.93e-05,8.93e-05,8.93e-05
195,214.608,0.37225,0.46406,1.11261,1.08033,0,0.99046,1,0.995,0.93504,0.99046,1,0.995,0.96703,0.50615,0.45809,0.88497,0.97324,0,7.94e-05,7.94e-05,7.94e-05
196,215.659,0.82876,0.84667,1.85888,1.38221,0,0.99037,1,0.995,0.93504,0.99037,1,0.995,0.93124,0.50155,0.45851,0.8883,0.96694,0,6.95e-05,6.95e-05,6.95e-05
197,216.529,0.58314,0.46128,1.17028,1.19259,0,0.99037,1,0.995,0.93504,0.99037,1,0.995,0.93124,0.50155,0.45851,0.8883,0.96694,0,5.96e-05,5.96e-05,5.96e-05
198,217.253,0.55733,0.50444,1.42604,1.27724,0,0.99037,1,0.995,0.93504,0.99037,1,0.995,0.93124,0.50155,0.45851,0.8883,0.96694,0,4.97e-05,4.97e-05,4.97e-05
199,218.068,0.48721,0.51279,1.37084,1.14385,0,0.99037,1,0.995,0.93504,0.99037,1,0.995,0.93124,0.50155,0.45851,0.8883,0.96694,0,3.98e-05,3.98e-05,3.98e-05
200,218.91,0.41936,0.39373,1.14415,1.14226,0,0.99039,1,0.995,0.93504,0.99039,1,0.995,0.93904,0.49583,0.45773,0.88475,0.95794,0,2.99e-05,2.99e-05,2.99e-05
